<!--  
'timer' :: number of seconds between each image transition
'order' :: how you want your images displayed. choose either 'sequential' or 'random'
'looping' :: if the slide show is in sequential mode, this stops the show at the last image (use 'yes' for looping, 'no' for not)
'fadeTime' :: velocity of image crossfade. Increment for faster fades, decrement for slower. Approximately equal to seconds.
'xpos' :: _x position of all loaded clips (0 is default)
'ypos' :: _y position of all loaded clips (0 is default)
-->
<gallery timer="5" order="sequential" fadetime="2" looping="yes" xpos="0" ypos="0">
<image path="images/calliandra.jpg" />
<image path="images/dombeya.jpg" />
<image path="images/strelitzia.jpg" />
<image path="images/trensa.jpg" />
<image path="images/treeflower.jpg" />
<image path="images/bellflowers.jpg" />
<image path="images/cordyline.jpg" />
<image path="images/forsythia.jpg" />
</gallery>